url,title,body_text,word_count
https://www.cm-alliance.com/cybersecurity-blog,,,0
https://www.varonis.com/blog/cybersecurity-tips,,,0
https://www.cisecurity.org/insights/blog/11-cyber-defense-tips-to-stay-secure-at-work-and-home,,,0
https://www.cisa.gov/topics/cybersecurity-best-practices,,,0
https://www.qnbtrust.bank/Resources/Learning-Center/Blog/7-cyber-security-tips,,,0
https://nordlayer.com/learn/network-security/basics/,,,0
https://www.fortinet.com/resources/cyberglossary/what-is-network-security,,,0
https://www.cisco.com/site/us/en/learn/topics/security/what-is-network-security.html,,,0
https://www.trendmicro.com/en_us/what-is/network-security/network-security-basics.html,,,0
https://digitdefence.com/blog/fundamentals-of-network-security-in-computer-networks,,,0
https://guardiandigital.com/resources/blog/guide-on-phishing,,,0
https://cofense.com/blog,,,0
https://www.connectwise.com/blog/phishing-prevention-tips,,,0
https://www.phriendlyphishing.com/blog,,,0
https://inspiredelearning.com/blog/phishing-protection-checklist/,,,0
https://en.wikipedia.org/wiki/SD-WAN,,,0
https://www.cisco.com/site/us/en/learn/topics/networking/what-is-sd-wan.html,,,0
https://www.fortinet.com/resources/cyberglossary/sd-wan-explained,,,0
https://www.hpe.com/us/en/what-is/sd-wan.html,,,0
https://remotedesktop.google.com/,,,0
https://support.microsoft.com/en-us/windows/how-to-use-remote-desktop-5fe128d5-8fb1-7a23-3b8a-41e636865e8c,,,0
https://support.apple.com/guide/remote-desktop/welcome/mac,,,0
https://en.wikipedia.org/wiki/Remote_desktop_software,,,0
https://www.cloudflare.com/learning/access-management/what-is-ztna/,,,0
https://www.fortinet.com/solutions/enterprise-midsize-business/network-access/application-access,,,0
https://www.microsoft.com/en-us/security/business/security-101/what-is-zero-trust-network-access-ztna,,,0
https://www.zscaler.com/resources/security-terms-glossary/what-is-zero-trust-network-access,,,0
https://www.efax.com/,,,0
https://sign.dropbox.com/products/dropbox-fax,,,0
https://www.fax.plus/,,,0
https://comfax.com/reviews/free-fax/,,,0
https://nytlicensing.com/latest/trends/content-marketing-best-practices-2022/,,,0
https://copyblogger.com/content-marketing/,,,0
https://www.twilio.com/en-us/blog/insights/content-marketing-best-practices,,,0
https://www.akkio.com/beginners-guide-to-machine-learning,,,0
https://medium.com/@amitvsolutions/machine-learning-101-the-complete-beginners-guide-to-machine-learning-686a30cbcf6b,,,0
https://realpython.com/tutorials/data-science/,,,0
https://www.geeksforgeeks.org/data-science/data-science-with-python-tutorial/,,,0
https://jakevdp.github.io/PythonDataScienceHandbook/,,,0
https://www.w3schools.com/datascience/,,,0
https://towardsdatascience.com/machine-learning-basics-with-examples-part-1-c2d37247ec3d,,,0
https://www.analyticsvidhya.com/blog/2021/09/comprehensive-guide-on-machine-learning/,,,0
https://aws.amazon.com/what-is/deep-learning/,,,0
https://developers.google.com/search/docs/fundamentals/seo-starter-guide,,,0
https://digitalmarketinginstitute.com/blog/what-is-seo,,,0
https://www.coursera.org/articles/content-strategy,,,0
https://www.youtube.com/creators/how-things-work/content-creation-strategy/,,,0
https://digitalmarketinginstitute.com/blog/what-are-the-most-effective-digital-marketing-strategies,,,0
https://emotive.io/blog/11-essential-digital-marketing-tips,,,0
https://www.forbes.com/advisor/business/what-is-digital-marketing/,,,0
https://blog.hubspot.com/marketing/what-is-digital-marketing,,,0
https://www.investopedia.com/terms/s/seo.asp,,,0
https://mailchimp.com/marketing-glossary/content-marketing/,,,0
https://sproutsocial.com/insights/social-media-marketing-strategy/,,,0
https://www.shopify.com/blog/ecommerce-seo-beginners-guide,,,0
https://www.dollardays.com/?srsltid=AfmBOopXjdOu2Kwq6fwYN9FPfB19MorSOf5UyS0EisxFSAzOm8wbl8KF,,,0
https://www.woot.com/,,,0
https://www.shopmissa.com/?srsltid=AfmBOoqr-F6zzKR-vGPqksAZp1wW4niXlINdN2eAREiMVNtHez_0-gAB,,,0
https://martie.com/?srsltid=AfmBOoqTEC0QXQ3xYEvV1VWP6OX6EZboYFZDuiiilhyLfDJNbuXIZ97r,,,0
https://www.dealsofamerica.com/,,,0
https://www.dealnews.com/,,,0
https://viewyourdeal.com/,,,0
https://americasstealsanddeals.com/,,,0
https://www.pricegrabber.com/,,,0
https://www.wikihow.com/Make-Money-Online,,,0
https://en.wikipedia.org/wiki/Search_engine_optimization,,,0
https://simple.wikipedia.org/wiki/Search_engine_optimization,,,0
https://en.wikipedia.org/wiki/Content_marketing,,,0
https://simple.wikipedia.org/wiki/Content_marketing,,,0
https://en.wikipedia.org/wiki/Machine_learning,,,0
https://simple.wikipedia.org/wiki/Machine_learning,,,0
https://en.wikipedia.org/wiki/Artificial_intelligence,,,0
https://simple.wikipedia.org/wiki/Artificial_intelligence,,,0
https://en.wikipedia.org/wiki/Digital_marketing,,,0
https://simple.wikipedia.org/wiki/Digital_marketing,,,0
https://www.reuters.com/technology/artificial-intelligence/,,,0
https://www.cnbc.com/artificial-intelligence/,,,0
https://www.bbc.com/news/topics/c404v061z99t,,,0
https://www.theguardian.com/technology/artificialintelligenceai,,,0
https://apnews.com/hub/artificial-intelligence,,,0
https://abcnews.go.com/alerts/technology,,,0
